{"cameraMode":{"drawMode":0,"name":"Shaded","section":"Shading Mode"},"sceneLighting":false,"audioPlay":false,"sceneViewState":{"m_AlwaysRefresh":false,"showFog":true,"showSkybox":false,"showFlares":true,"showImageEffects":true,"showParticleSystems":true,"showVisualEffectGraphs":true,"m_FxEnabled":true},"in2DMode":false,"pivot":{"x":-1.3910771608352662,"y":-0.31661680340766909,"z":-0.3008049726486206},"rotation":{"x":-0.04373553395271301,"y":0.8113560080528259,"z":-0.06122187152504921,"w":-0.5797050595283508},"size":3.6535770893096926,"orthographic":false}